{
  "elements" : {
    "add" : [ {
      "id" : "Source",
      "type" : "Source"
    }, {
      "id" : "174DADF7-E048-4E15-B3E6-83404CB59DE8",
      "type" : "XMLFragmentParser",
      "name" : "XML Fragment Parser"
    }, {
      "id" : "6C7AF0B3-1F96-4BAB-A04B-7627854F9A7D",
      "type" : "SplitFilter",
      "name" : "Split Filter"
    }, {
      "id" : "6858BBCA-F020-456C-A65A-5960539EF835",
      "type" : "XSLTFilter",
      "name" : "XSLT Filter"
    }, {
      "id" : "3CB6AE25-640C-4315-B632-FDA381728891",
      "type" : "SchemaFilter",
      "name" : "Schema Filter"
    }, {
      "id" : "1B0F3018-902D-49D8-84BE-2AA0F0FDD1E4",
      "type" : "XMLWriter",
      "name" : "XML Writer"
    }, {
      "id" : "3ECF32A7-1AC0-4AD2-809B-D73BCC289221",
      "type" : "StreamAppender",
      "name" : "Stream Appender"
    } ]
  },
  "properties" : {
    "add" : [ {
      "element" : "174DADF7-E048-4E15-B3E6-83404CB59DE8",
      "name" : "textConverter",
      "value" : {
        "entity" : {
          "type" : "TextConverter",
          "uuid" : "7572cc10-496b-4d52-9b52-f502c8dfe1b1",
          "name" : "XML_FRAGMENT_EVENTS"
        }
      }
    }, {
      "element" : "6858BBCA-F020-456C-A65A-5960539EF835",
      "name" : "xslt",
      "value" : {
        "entity" : {
          "type" : "XSLT",
          "uuid" : "48d8d180-d46f-419f-82a9-c1836398e286",
          "name" : "XML_INDEX_TRANSITION"
        }
      }
    }, {
      "element" : "3ECF32A7-1AC0-4AD2-809B-D73BCC289221",
      "name" : "streamType",
      "value" : {
        "string" : "Events"
      }
    } ]
  },
  "links" : {
    "add" : [ {
      "from" : "Source",
      "to" : "174DADF7-E048-4E15-B3E6-83404CB59DE8"
    }, {
      "from" : "174DADF7-E048-4E15-B3E6-83404CB59DE8",
      "to" : "6C7AF0B3-1F96-4BAB-A04B-7627854F9A7D"
    }, {
      "from" : "6C7AF0B3-1F96-4BAB-A04B-7627854F9A7D",
      "to" : "6858BBCA-F020-456C-A65A-5960539EF835"
    }, {
      "from" : "6858BBCA-F020-456C-A65A-5960539EF835",
      "to" : "3CB6AE25-640C-4315-B632-FDA381728891"
    }, {
      "from" : "3CB6AE25-640C-4315-B632-FDA381728891",
      "to" : "1B0F3018-902D-49D8-84BE-2AA0F0FDD1E4"
    }, {
      "from" : "1B0F3018-902D-49D8-84BE-2AA0F0FDD1E4",
      "to" : "3ECF32A7-1AC0-4AD2-809B-D73BCC289221"
    } ]
  }
}