{
  "elements" : {
    "add" : [ {
      "id" : "Source",
      "type" : "Source"
    }, {
      "id" : "9FD7A6F3-25B0-4AC0-8E31-632B955109DC",
      "type" : "XMLParser",
      "name" : "XML Parser"
    }, {
      "id" : "9C20E84D-E8AC-4986-864A-C7A85F5C4650",
      "type" : "IdEnrichmentFilter",
      "name" : "Id Enrichment Filter"
    }, {
      "id" : "3AF4E585-996D-4F83-841A-D1F709DCAEA2",
      "type" : "DynamicSearchResultOutputFilter",
      "name" : "Dynamic Search Result Output Filter"
    } ]
  },
  "links" : {
    "add" : [ {
      "from" : "Source",
      "to" : "9FD7A6F3-25B0-4AC0-8E31-632B955109DC"
    }, {
      "from" : "9FD7A6F3-25B0-4AC0-8E31-632B955109DC",
      "to" : "9C20E84D-E8AC-4986-864A-C7A85F5C4650"
    }, {
      "from" : "9C20E84D-E8AC-4986-864A-C7A85F5C4650",
      "to" : "3AF4E585-996D-4F83-841A-D1F709DCAEA2"
    } ]
  }
}